<?xml version="1.0" encoding="UTF-8"?>
<beans xmlns:security="http://www.springframework.org/schema/security"
       xmlns="http://www.springframework.org/schema/beans" xmlns:xsi="http://www.w3.org/2001/XMLSchema-instance"
       xmlns:p="http://www.springframework.org/schema/p" xmlns:aop="http://www.springframework.org/schema/aop"
       xmlns:tx="http://www.springframework.org/schema/tx"
       xmlns:context="http://www.springframework.org/schema/context"
       xmlns:mvc="http://www.springframework.org/schema/mvc"
       xsi:schemaLocation="http://www.springframework.org/schema/beans http://www.springframework.org/schema/beans/spring-beans-3.1.xsd
       http://www.springframework.org/schema/aop http://www.springframework.org/schema/aop/spring-aop-3.1.xsd
       http://www.springframework.org/schema/tx http://www.springframework.org/schema/tx/spring-tx-3.1.xsd
       http://www.springframework.org/schema/mvc http://www.springframework.org/schema/mvc/spring-mvc-3.0.xsd
       http://www.springframework.org/schema/context http://www.springframework.org/schema/context/spring-context-3.0.xsd
       http://www.springframework.org/schema/security http://www.springframework.org/schema/security/spring-security-3.0.3.xsd">

    <mvc:annotation-driven/>
    <context:component-scan base-package="controller"/>
    <security:global-method-security secured-annotations="enabled" />


 
 
    <security:http auto-config="true" use-expressions="true" >
      <!--   <security:intercept-url pattern="/customer/login" access="permitAll" />  
        <security:intercept-url pattern="/logout" access="permitAll" />
        <security:intercept-url pattern="/**" access="hasRole('ROLE_USER')" /> -->
        <security:form-login
           login-page="/user/login" 
           default-target-url="/customer/menu"/>
           <!-- authentication-failure-url="/customer/login" -->
           <!--  login-page="/customer/login" default-target-url="/customer/list"  login-processing-url="/j_spring_security_check" -->
       <!--  <security:logout
            invalidate-session="true"
            logout-success-url="/customer/login"
            logout-url="/customer/login"/>  -->
  
    </security:http>
        
        
    <security:authentication-manager>
        <security:authentication-provider ref="daoAuthenticationProvider" />
    </security:authentication-manager>
        
	
	
    <bean id="dataSource" class="org.apache.commons.dbcp.BasicDataSource">
        <property name="driverClassName">
            <value>com.mysql.jdbc.Driver</value>
        </property>
        <property name="url">
            <value>jdbc:mysql://localhost:3306/ropr?zeroDateTimeBehavior=convertToNull
            </value>
        </property>
        <property name="username">
            <value>ropr</value>
        </property>
        <property name="password">
            <value>ropr</value>
        </property>
    </bean>



    <bean id="springSecurityFilterChain" class="org.springframework.security.web.FilterChainProxy">
        <security:filter-chain-map path-type="ant">
            <security:filter-chain pattern="/redirect.jsp*" 
                                               filters="none" /> 
            <security:filter-chain pattern="/**"
                                               filters="formLoginFilter" />
        </security:filter-chain-map>
    </bean>
	
    <bean id="authenticationManager"
              class="org.springframework.security.authentication.ProviderManager">
        <property name="providers">
            <list>
                <ref local="daoAuthenticationProvider" />
            </list>
        </property>
    </bean>
	
	
	 
    <bean id="daoAuthenticationProvider"    class="org.springframework.security.authentication.dao.DaoAuthenticationProvider">
        <property name="userDetailsService" ref="userController"/>
    </bean>
	
	

    <bean id="formLoginFilter"
              class="org.springframework.security.web.authentication.UsernamePasswordAuthenticationFilter">
        <property name="authenticationManager" ref="authenticationManager" />
        <property name="filterProcessesUrl" value="/j_spring_security_check" />
        <property name="usernameParameter" value="j_username " />
        <property name="passwordParameter" value="j_password" />
    </bean>
	
	

</beans>
