<?xml version="1.0" encoding="UTF-8"?>
<beans xmlns="http://www.springframework.org/schema/beans"
	xmlns:xsi="http://www.w3.org/2001/XMLSchema-instance" xmlns:p="http://www.springframework.org/schema/p"
	xmlns:aop="http://www.springframework.org/schema/aop" xmlns:tx="http://www.springframework.org/schema/tx"
	xmlns:mvc="http://www.springframework.org/schema/mvc"
	xsi:schemaLocation="http://www.springframework.org/schema/beans http://www.springframework.org/schema/beans/spring-beans-3.1.xsd
       http://www.springframework.org/schema/aop http://www.springframework.org/schema/aop/spring-aop-3.1.xsd
       http://www.springframework.org/schema/tx http://www.springframework.org/schema/tx/spring-tx-3.1.xsd
       http://www.springframework.org/schema/mvc http://www.springframework.org/schema/mvc/spring-mvc-3.0.xsd">
	
	<mvc:default-servlet-handler/>

	<bean class="org.springframework.web.servlet.mvc.support.ControllerClassNameHandlerMapping" />

<!--	<bean id="userKey" class="controller.CustomerController" /> -->
<!--	<bean id="userFormKey" class="controller.CustomerFormController" /> -->
<!-- 	<bean id = "userController" class="controller.UserController" />  -->


	<bean id="urlMapping"
		class="org.springframework.web.servlet.handler.SimpleUrlHandlerMapping">
		<property name="mappings">
			<props>
			<!--	<prop key="index.htm">indexController</prop> -->
			<!--	<prop key="/secured/customer.htm">userKey</prop> -->
			<!--	<prop key="new_customer_form.htm">userFormKey</prop> -->
			<!-- 	<prop key="login.htm">userController</prop>  -->
                        </props>
		</property>
	</bean> 
	<bean id="viewResolver"
		class="org.springframework.web.servlet.view.InternalResourceViewResolver"
		p:prefix="/WEB-INF/jsp/" p:suffix=".jsp" />

	<!-- The index controller. -->
<!--	<bean name="indexController"
		class="org.springframework.web.servlet.mvc.ParameterizableViewController"
		p:viewName="index" /> -->
	
</beans>
