<?xml version="1.0" encoding="UTF-8"?>
<!DOCTYPE hibernate-configuration PUBLIC "-//Hibernate/Hibernate Configuration DTD 3.0//EN" "http://hibernate.sourceforge.net/hibernate-configuration-3.0.dtd">
<hibernate-configuration>
  <session-factory>
    <property name="connection.driver_class">com.mysql.jdbc.Driver</property>
    <property name="dialect">org.hibernate.dialect.MySQLDialect</property>
    <property name="hibernate.dialect">org.hibernate.dialect.MySQLDialect</property>
    <property name="hibernate.connection.driver_class">com.mysql.jdbc.Driver</property>
    <property name="hibernate.connection.url">jdbc:mysql://localhost:3306/ropr?zeroDateTimeBehavior=convertToNull</property>
    <property name="hibernate.connection.username">ropr</property>
    <property name="hibernate.connection.password">ropr</property>
    <property name="hibernate.current_session_context_class">thread</property>
    <!--  <mapping resource="model/Employee.hbm.xml"/> -->
    <!--  <mapping resource="model/Customer.hbm.xml"/>  -->
    <mapping resource="model/Order.hbm.xml"/>
    <mapping resource="model/User.hbm.xml"/>
    <mapping resource="model/UserRole.hbm.xml"/>
  </session-factory>
</hibernate-configuration>
