<?xml version="1.0"?>
<!DOCTYPE hibernate-mapping PUBLIC "-//Hibernate/Hibernate Mapping DTD 3.0//EN"
"http://www.hibernate.org/dtd/hibernate-mapping-3.0.dtd">
<!-- Generated Apr 24, 2014 12:42:14 AM by Hibernate Tools 4.0.0 -->
<hibernate-mapping>
    <class name="model.Order" table="order" catalog="ropr">
        <id name="orderId" type="java.lang.Integer">
            <column name="Order_ID" />
            <generator class="identity" />
        </id>
        <many-to-one name="userByIdUserDriver" class="model.User" fetch="select">
            <column name="Id_User_Driver" />
        </many-to-one>
        <many-to-one name="userByUserId" class="model.User" fetch="select">
            <column name="User_ID" not-null="true" />
        </many-to-one>
        <property name="cityFrom" type="string">
            <column name="City_from" length="45" not-null="true" />
        </property>
        <property name="cityTo" type="string">
            <column name="City_to" length="45" not-null="true" />
        </property>
        <property name="streetFrom" type="string">
            <column name="Street_from" length="45" not-null="true" />
        </property>
        <property name="streetTo" type="string">
            <column name="Street_to" length="45" not-null="true" />
        </property>
        <property name="countOfKm" type="java.lang.Integer">
            <column name="Count_of_KM" />
        </property>
        <property name="date" type="timestamp">
            <column name="Date" length="19" not-null="true" />
        </property>
        <property name="status" type="string">
            <column name="Status" length="45" not-null="true" />
        </property>
    </class>
</hibernate-mapping>
