<?xml version="1.0"?>
<!DOCTYPE hibernate-mapping PUBLIC "-//Hibernate/Hibernate Mapping DTD 3.0//EN"
"http://www.hibernate.org/dtd/hibernate-mapping-3.0.dtd">
<!-- Generated Apr 24, 2014 12:42:14 AM by Hibernate Tools 4.0.0 -->
<hibernate-mapping>
    <class name="model.User" table="user" catalog="ropr">
        <id name="idUser" type="java.lang.Integer">
            <column name="ID_User" />
            <generator class="identity" />
        </id>
        <property name="username" type="string">
            <column name="Username" length="45" not-null="true" />
        </property>
        <property name="password" type="string">
            <column name="Password" length="45" not-null="true" />
        </property>
        <property name="name" type="string">
            <column name="Name" length="45" not-null="true" />
        </property>
        <property name="surname" type="string">
            <column name="Surname" length="45" not-null="true" />
        </property>
        <property name="email" type="string">
            <column name="Email" length="45" not-null="true" />
        </property>
        <property name="phone" type="string">
            <column name="Phone" length="45" />
        </property>
        <property name="city" type="string">
            <column name="City" length="45" not-null="true" />
        </property>
        <property name="street" type="string">
            <column name="Street" length="45" not-null="true" />
        </property>
        <property name="zip" type="string">
            <column name="ZIP" length="45" not-null="true" />
        </property>
        <property name="hint" type="string">
            <column name="hint" length="45" not-null="true" />
        </property>
        <property name="passphrase" type="string">
            <column name="passphrase" length="45" not-null="true" />
        </property>
        <set name="ordersForUserId" table="order" inverse="true" lazy="true" fetch="select">
            <key>
                <column name="User_ID" not-null="true" />
            </key>
            <one-to-many class="model.Order" />
        </set>
        <set name="userRoles" table="user_authorization" inverse="false" lazy="false" fetch="select">
            <key>
                <column name="user_id" not-null="true" />
            </key>
            <many-to-many entity-name="model.UserRole">
                <column name="role_id" not-null="true" />
            </many-to-many>
        </set>
        <set name="ordersForIdUserDriver" table="order" inverse="true" lazy="true" fetch="select">
            <key>
                <column name="Id_User_Driver" />
            </key>
            <one-to-many class="model.Order" />
        </set>
    </class>
</hibernate-mapping>
